{
  "AWSTemplateFormatVersion": "2010-09-09",
  "Description": "The AWS CloudFormation template for this Serverless application",
  "Resources": {
    "ServerlessDeploymentBucket": {
      "Type": "AWS::S3::Bucket",
      "Properties": {
        "BucketEncryption": {
          "ServerSideEncryptionConfiguration": [
            {
              "ServerSideEncryptionByDefault": {
                "SSEAlgorithm": "AES256"
              }
            }
          ]
        }
      }
    },
    "ServerlessDeploymentBucketPolicy": {
      "Type": "AWS::S3::BucketPolicy",
      "Properties": {
        "Bucket": {
          "Ref": "ServerlessDeploymentBucket"
        },
        "PolicyDocument": {
          "Statement": [
            {
              "Action": "s3:*",
              "Effect": "Deny",
              "Principal": "*",
              "Resource": [
                {
                  "Fn::Join": [
                    "",
                    [
                      "arn:",
                      {
                        "Ref": "AWS::Partition"
                      },
                      ":s3:::",
                      {
                        "Ref": "ServerlessDeploymentBucket"
                      },
                      "/*"
                    ]
                  ]
                },
                {
                  "Fn::Join": [
                    "",
                    [
                      "arn:",
                      {
                        "Ref": "AWS::Partition"
                      },
                      ":s3:::",
                      {
                        "Ref": "ServerlessDeploymentBucket"
                      }
                    ]
                  ]
                }
              ],
              "Condition": {
                "Bool": {
                  "aws:SecureTransport": false
                }
              }
            }
          ]
        }
      }
    },
    "ListNewsLogGroup": {
      "Type": "AWS::Logs::LogGroup",
      "Properties": {
        "LogGroupName": "/aws/lambda/rawExcelInsights-dev-listNews"
      }
    },
    "MentionsDataSourceLogGroup": {
      "Type": "AWS::Logs::LogGroup",
      "Properties": {
        "LogGroupName": "/aws/lambda/rawExcelInsights-dev-MentionsDataSource"
      }
    },
    "TopDrugByMentionsLogGroup": {
      "Type": "AWS::Logs::LogGroup",
      "Properties": {
        "LogGroupName": "/aws/lambda/rawExcelInsights-dev-topDrugByMentions"
      }
    },
    "ListNewsLambdaFunction": {
      "Type": "AWS::Lambda::Function",
      "Properties": {
        "Code": {
          "S3Bucket": {
            "Ref": "ServerlessDeploymentBucket"
          },
          "S3Key": "serverless/rawExcelInsights/dev/1633691046083-2021-10-08T11:04:06.083Z/rawExcelInsights.zip"
        },
        "Handler": "handler.listNews",
        "Runtime": "python3.6",
        "FunctionName": "rawExcelInsights-dev-listNews",
        "MemorySize": 1024,
        "Timeout": 6,
        "Environment": {
          "Variables": {
            "DB_NAME": "aiip",
            "USER_NAME": "svc_mrwda_dev_admin",
            "PASSWORD": "yH6Vqce3kP43MGn8",
            "HOST_NAME": "rwda-redshift-dev01.ca0w2nwsfbi8.us-east-1.redshift.amazonaws.com",
            "MY_STATE_MACHINE_ARN": "arn:aws:states:us-east-1:407352210884:stateMachine:MyStateMachine-8dGSV9JwnPyr",
            "SCHEMA_NAME": "aiip",
            "PORT": "5439"
          }
        },
        "Role": "arn:aws:iam::407352210884:role/rwda-aiip-lambda-role",
        "VpcConfig": {
          "SecurityGroupIds": [
            "sg-0ef0d8f9e421db0cf"
          ],
          "SubnetIds": [
            "subnet-014c81756a9ac4710",
            "subnet-04d8428f0621d6ef1"
          ]
        }
      },
      "DependsOn": [
        "ListNewsLogGroup"
      ]
    },
    "MentionsDataSourceLambdaFunction": {
      "Type": "AWS::Lambda::Function",
      "Properties": {
        "Code": {
          "S3Bucket": {
            "Ref": "ServerlessDeploymentBucket"
          },
          "S3Key": "serverless/rawExcelInsights/dev/1633691046083-2021-10-08T11:04:06.083Z/rawExcelInsights.zip"
        },
        "Handler": "handler.MentionsDataSource",
        "Runtime": "python3.6",
        "FunctionName": "rawExcelInsights-dev-MentionsDataSource",
        "MemorySize": 1024,
        "Timeout": 6,
        "Environment": {
          "Variables": {
            "DB_NAME": "aiip",
            "USER_NAME": "svc_mrwda_dev_admin",
            "PASSWORD": "yH6Vqce3kP43MGn8",
            "HOST_NAME": "rwda-redshift-dev01.ca0w2nwsfbi8.us-east-1.redshift.amazonaws.com",
            "MY_STATE_MACHINE_ARN": "arn:aws:states:us-east-1:407352210884:stateMachine:MyStateMachine-8dGSV9JwnPyr",
            "SCHEMA_NAME": "aiip",
            "PORT": "5439"
          }
        },
        "Role": "arn:aws:iam::407352210884:role/rwda-aiip-lambda-role",
        "VpcConfig": {
          "SecurityGroupIds": [
            "sg-0ef0d8f9e421db0cf"
          ],
          "SubnetIds": [
            "subnet-014c81756a9ac4710",
            "subnet-04d8428f0621d6ef1"
          ]
        }
      },
      "DependsOn": [
        "MentionsDataSourceLogGroup"
      ]
    },
    "TopDrugByMentionsLambdaFunction": {
      "Type": "AWS::Lambda::Function",
      "Properties": {
        "Code": {
          "S3Bucket": {
            "Ref": "ServerlessDeploymentBucket"
          },
          "S3Key": "serverless/rawExcelInsights/dev/1633691046083-2021-10-08T11:04:06.083Z/rawExcelInsights.zip"
        },
        "Handler": "handler.topDrugByMentions",
        "Runtime": "python3.6",
        "FunctionName": "rawExcelInsights-dev-topDrugByMentions",
        "MemorySize": 1024,
        "Timeout": 6,
        "Environment": {
          "Variables": {
            "DB_NAME": "aiip",
            "USER_NAME": "svc_mrwda_dev_admin",
            "PASSWORD": "yH6Vqce3kP43MGn8",
            "HOST_NAME": "rwda-redshift-dev01.ca0w2nwsfbi8.us-east-1.redshift.amazonaws.com",
            "MY_STATE_MACHINE_ARN": "arn:aws:states:us-east-1:407352210884:stateMachine:MyStateMachine-8dGSV9JwnPyr",
            "SCHEMA_NAME": "aiip",
            "PORT": "5439"
          }
        },
        "Role": "arn:aws:iam::407352210884:role/rwda-aiip-lambda-role",
        "VpcConfig": {
          "SecurityGroupIds": [
            "sg-0ef0d8f9e421db0cf"
          ],
          "SubnetIds": [
            "subnet-014c81756a9ac4710",
            "subnet-04d8428f0621d6ef1"
          ]
        }
      },
      "DependsOn": [
        "TopDrugByMentionsLogGroup"
      ]
    },
    "MentionsDataSourceLambdaVersionXVVVp2LH3ddgXm8AgunR3qai8M75Jp011SLc50OT9Rs": {
      "Type": "AWS::Lambda::Version",
      "DeletionPolicy": "Retain",
      "Properties": {
        "FunctionName": {
          "Ref": "MentionsDataSourceLambdaFunction"
        },
        "CodeSha256": "UotmiefzkxA1VHTei2+xsqJpzJIF8POCsyc2FojLyIs="
      }
    },
    "TopDrugByMentionsLambdaVersionx7GMgyLbdR9SAzWiEDM7dLoKJTeWFGndxn1vbIEbrQ": {
      "Type": "AWS::Lambda::Version",
      "DeletionPolicy": "Retain",
      "Properties": {
        "FunctionName": {
          "Ref": "TopDrugByMentionsLambdaFunction"
        },
        "CodeSha256": "UotmiefzkxA1VHTei2+xsqJpzJIF8POCsyc2FojLyIs="
      }
    },
    "ListNewsLambdaVersionrAwirZm5bPS3muZnffDx45QmYtyJIExR4eo3NjWrIDE": {
      "Type": "AWS::Lambda::Version",
      "DeletionPolicy": "Retain",
      "Properties": {
        "FunctionName": {
          "Ref": "ListNewsLambdaFunction"
        },
        "CodeSha256": "UotmiefzkxA1VHTei2+xsqJpzJIF8POCsyc2FojLyIs="
      }
    },
    "ApiGatewayRestApi": {
      "Type": "AWS::ApiGateway::RestApi",
      "Properties": {
        "Name": "dev-rawExcelInsights",
        "EndpointConfiguration": {
          "Types": [
            "EDGE"
          ]
        },
        "Policy": ""
      }
    },
    "ApiGatewayResourceNews": {
      "Type": "AWS::ApiGateway::Resource",
      "Properties": {
        "ParentId": {
          "Fn::GetAtt": [
            "ApiGatewayRestApi",
            "RootResourceId"
          ]
        },
        "PathPart": "news",
        "RestApiId": {
          "Ref": "ApiGatewayRestApi"
        }
      }
    },
    "ApiGatewayResourceNewsList": {
      "Type": "AWS::ApiGateway::Resource",
      "Properties": {
        "ParentId": {
          "Ref": "ApiGatewayResourceNews"
        },
        "PathPart": "list",
        "RestApiId": {
          "Ref": "ApiGatewayRestApi"
        }
      }
    },
    "ApiGatewayResourceChart": {
      "Type": "AWS::ApiGateway::Resource",
      "Properties": {
        "ParentId": {
          "Fn::GetAtt": [
            "ApiGatewayRestApi",
            "RootResourceId"
          ]
        },
        "PathPart": "chart",
        "RestApiId": {
          "Ref": "ApiGatewayRestApi"
        }
      }
    },
    "ApiGatewayResourceChartOvertime": {
      "Type": "AWS::ApiGateway::Resource",
      "Properties": {
        "ParentId": {
          "Ref": "ApiGatewayResourceChart"
        },
        "PathPart": "overtime",
        "RestApiId": {
          "Ref": "ApiGatewayRestApi"
        }
      }
    },
    "ApiGatewayResourceChartDatasource": {
      "Type": "AWS::ApiGateway::Resource",
      "Properties": {
        "ParentId": {
          "Ref": "ApiGatewayResourceChart"
        },
        "PathPart": "datasource",
        "RestApiId": {
          "Ref": "ApiGatewayRestApi"
        }
      }
    },
    "ApiGatewayMethodNewsListOptions": {
      "Type": "AWS::ApiGateway::Method",
      "Properties": {
        "AuthorizationType": "NONE",
        "HttpMethod": "OPTIONS",
        "MethodResponses": [
          {
            "StatusCode": "200",
            "ResponseParameters": {
              "method.response.header.Access-Control-Allow-Origin": true,
              "method.response.header.Access-Control-Allow-Headers": true,
              "method.response.header.Access-Control-Allow-Methods": true
            },
            "ResponseModels": {}
          }
        ],
        "RequestParameters": {},
        "Integration": {
          "Type": "MOCK",
          "RequestTemplates": {
            "application/json": "{statusCode:200}"
          },
          "ContentHandling": "CONVERT_TO_TEXT",
          "IntegrationResponses": [
            {
              "StatusCode": "200",
              "ResponseParameters": {
                "method.response.header.Access-Control-Allow-Origin": "'*'",
                "method.response.header.Access-Control-Allow-Headers": "'Content-Type,X-Amz-Date,Authorization,X-Api-Key,X-Amz-Security-Token,X-Amz-User-Agent'",
                "method.response.header.Access-Control-Allow-Methods": "'OPTIONS,POST'"
              },
              "ResponseTemplates": {
                "application/json": ""
              }
            }
          ]
        },
        "ResourceId": {
          "Ref": "ApiGatewayResourceNewsList"
        },
        "RestApiId": {
          "Ref": "ApiGatewayRestApi"
        }
      }
    },
    "ApiGatewayMethodChartOvertimeOptions": {
      "Type": "AWS::ApiGateway::Method",
      "Properties": {
        "AuthorizationType": "NONE",
        "HttpMethod": "OPTIONS",
        "MethodResponses": [
          {
            "StatusCode": "200",
            "ResponseParameters": {
              "method.response.header.Access-Control-Allow-Origin": true,
              "method.response.header.Access-Control-Allow-Headers": true,
              "method.response.header.Access-Control-Allow-Methods": true
            },
            "ResponseModels": {}
          }
        ],
        "RequestParameters": {},
        "Integration": {
          "Type": "MOCK",
          "RequestTemplates": {
            "application/json": "{statusCode:200}"
          },
          "ContentHandling": "CONVERT_TO_TEXT",
          "IntegrationResponses": [
            {
              "StatusCode": "200",
              "ResponseParameters": {
                "method.response.header.Access-Control-Allow-Origin": "'*'",
                "method.response.header.Access-Control-Allow-Headers": "'Content-Type,X-Amz-Date,Authorization,X-Api-Key,X-Amz-Security-Token,X-Amz-User-Agent'",
                "method.response.header.Access-Control-Allow-Methods": "'OPTIONS,POST'"
              },
              "ResponseTemplates": {
                "application/json": ""
              }
            }
          ]
        },
        "ResourceId": {
          "Ref": "ApiGatewayResourceChartOvertime"
        },
        "RestApiId": {
          "Ref": "ApiGatewayRestApi"
        }
      }
    },
    "ApiGatewayMethodChartDatasourceOptions": {
      "Type": "AWS::ApiGateway::Method",
      "Properties": {
        "AuthorizationType": "NONE",
        "HttpMethod": "OPTIONS",
        "MethodResponses": [
          {
            "StatusCode": "200",
            "ResponseParameters": {
              "method.response.header.Access-Control-Allow-Origin": true,
              "method.response.header.Access-Control-Allow-Headers": true,
              "method.response.header.Access-Control-Allow-Methods": true
            },
            "ResponseModels": {}
          }
        ],
        "RequestParameters": {},
        "Integration": {
          "Type": "MOCK",
          "RequestTemplates": {
            "application/json": "{statusCode:200}"
          },
          "ContentHandling": "CONVERT_TO_TEXT",
          "IntegrationResponses": [
            {
              "StatusCode": "200",
              "ResponseParameters": {
                "method.response.header.Access-Control-Allow-Origin": "'*'",
                "method.response.header.Access-Control-Allow-Headers": "'Content-Type,X-Amz-Date,Authorization,X-Api-Key,X-Amz-Security-Token,X-Amz-User-Agent'",
                "method.response.header.Access-Control-Allow-Methods": "'OPTIONS,POST'"
              },
              "ResponseTemplates": {
                "application/json": ""
              }
            }
          ]
        },
        "ResourceId": {
          "Ref": "ApiGatewayResourceChartDatasource"
        },
        "RestApiId": {
          "Ref": "ApiGatewayRestApi"
        }
      }
    },
    "ApiGatewayMethodNewsListPost": {
      "Type": "AWS::ApiGateway::Method",
      "Properties": {
        "HttpMethod": "POST",
        "RequestParameters": {},
        "ResourceId": {
          "Ref": "ApiGatewayResourceNewsList"
        },
        "RestApiId": {
          "Ref": "ApiGatewayRestApi"
        },
        "ApiKeyRequired": false,
        "AuthorizationType": "NONE",
        "Integration": {
          "IntegrationHttpMethod": "POST",
          "Type": "AWS_PROXY",
          "Uri": {
            "Fn::Join": [
              "",
              [
                "arn:",
                {
                  "Ref": "AWS::Partition"
                },
                ":apigateway:",
                {
                  "Ref": "AWS::Region"
                },
                ":lambda:path/2015-03-31/functions/",
                {
                  "Fn::GetAtt": [
                    "ListNewsLambdaFunction",
                    "Arn"
                  ]
                },
                "/invocations"
              ]
            ]
          }
        },
        "MethodResponses": []
      },
      "DependsOn": [
        "ListNewsLambdaPermissionApiGateway"
      ]
    },
    "ApiGatewayMethodChartOvertimePost": {
      "Type": "AWS::ApiGateway::Method",
      "Properties": {
        "HttpMethod": "POST",
        "RequestParameters": {},
        "ResourceId": {
          "Ref": "ApiGatewayResourceChartOvertime"
        },
        "RestApiId": {
          "Ref": "ApiGatewayRestApi"
        },
        "ApiKeyRequired": false,
        "AuthorizationType": "NONE",
        "Integration": {
          "IntegrationHttpMethod": "POST",
          "Type": "AWS_PROXY",
          "Uri": {
            "Fn::Join": [
              "",
              [
                "arn:",
                {
                  "Ref": "AWS::Partition"
                },
                ":apigateway:",
                {
                  "Ref": "AWS::Region"
                },
                ":lambda:path/2015-03-31/functions/",
                {
                  "Fn::GetAtt": [
                    "MentionsDataSourceLambdaFunction",
                    "Arn"
                  ]
                },
                "/invocations"
              ]
            ]
          }
        },
        "MethodResponses": []
      },
      "DependsOn": [
        "MentionsDataSourceLambdaPermissionApiGateway"
      ]
    },
    "ApiGatewayMethodChartDatasourcePost": {
      "Type": "AWS::ApiGateway::Method",
      "Properties": {
        "HttpMethod": "POST",
        "RequestParameters": {},
        "ResourceId": {
          "Ref": "ApiGatewayResourceChartDatasource"
        },
        "RestApiId": {
          "Ref": "ApiGatewayRestApi"
        },
        "ApiKeyRequired": false,
        "AuthorizationType": "NONE",
        "Integration": {
          "IntegrationHttpMethod": "POST",
          "Type": "AWS_PROXY",
          "Uri": {
            "Fn::Join": [
              "",
              [
                "arn:",
                {
                  "Ref": "AWS::Partition"
                },
                ":apigateway:",
                {
                  "Ref": "AWS::Region"
                },
                ":lambda:path/2015-03-31/functions/",
                {
                  "Fn::GetAtt": [
                    "TopDrugByMentionsLambdaFunction",
                    "Arn"
                  ]
                },
                "/invocations"
              ]
            ]
          }
        },
        "MethodResponses": []
      },
      "DependsOn": [
        "TopDrugByMentionsLambdaPermissionApiGateway"
      ]
    },
    "ApiGatewayDeployment1633691044437": {
      "Type": "AWS::ApiGateway::Deployment",
      "Properties": {
        "RestApiId": {
          "Ref": "ApiGatewayRestApi"
        },
        "StageName": "dev"
      },
      "DependsOn": [
        "ApiGatewayMethodNewsListOptions",
        "ApiGatewayMethodChartOvertimeOptions",
        "ApiGatewayMethodChartDatasourceOptions",
        "ApiGatewayMethodNewsListPost",
        "ApiGatewayMethodChartOvertimePost",
        "ApiGatewayMethodChartDatasourcePost"
      ]
    },
    "ListNewsLambdaPermissionApiGateway": {
      "Type": "AWS::Lambda::Permission",
      "Properties": {
        "FunctionName": {
          "Fn::GetAtt": [
            "ListNewsLambdaFunction",
            "Arn"
          ]
        },
        "Action": "lambda:InvokeFunction",
        "Principal": "apigateway.amazonaws.com",
        "SourceArn": {
          "Fn::Join": [
            "",
            [
              "arn:",
              {
                "Ref": "AWS::Partition"
              },
              ":execute-api:",
              {
                "Ref": "AWS::Region"
              },
              ":",
              {
                "Ref": "AWS::AccountId"
              },
              ":",
              {
                "Ref": "ApiGatewayRestApi"
              },
              "/*/*"
            ]
          ]
        }
      }
    },
    "MentionsDataSourceLambdaPermissionApiGateway": {
      "Type": "AWS::Lambda::Permission",
      "Properties": {
        "FunctionName": {
          "Fn::GetAtt": [
            "MentionsDataSourceLambdaFunction",
            "Arn"
          ]
        },
        "Action": "lambda:InvokeFunction",
        "Principal": "apigateway.amazonaws.com",
        "SourceArn": {
          "Fn::Join": [
            "",
            [
              "arn:",
              {
                "Ref": "AWS::Partition"
              },
              ":execute-api:",
              {
                "Ref": "AWS::Region"
              },
              ":",
              {
                "Ref": "AWS::AccountId"
              },
              ":",
              {
                "Ref": "ApiGatewayRestApi"
              },
              "/*/*"
            ]
          ]
        }
      }
    },
    "TopDrugByMentionsLambdaPermissionApiGateway": {
      "Type": "AWS::Lambda::Permission",
      "Properties": {
        "FunctionName": {
          "Fn::GetAtt": [
            "TopDrugByMentionsLambdaFunction",
            "Arn"
          ]
        },
        "Action": "lambda:InvokeFunction",
        "Principal": "apigateway.amazonaws.com",
        "SourceArn": {
          "Fn::Join": [
            "",
            [
              "arn:",
              {
                "Ref": "AWS::Partition"
              },
              ":execute-api:",
              {
                "Ref": "AWS::Region"
              },
              ":",
              {
                "Ref": "AWS::AccountId"
              },
              ":",
              {
                "Ref": "ApiGatewayRestApi"
              },
              "/*/*"
            ]
          ]
        }
      }
    }
  },
  "Outputs": {
    "ServerlessDeploymentBucketName": {
      "Value": {
        "Ref": "ServerlessDeploymentBucket"
      },
      "Export": {
        "Name": "sls-rawExcelInsights-dev-ServerlessDeploymentBucketName"
      }
    },
    "MentionsDataSourceLambdaFunctionQualifiedArn": {
      "Description": "Current Lambda function version",
      "Value": {
        "Ref": "MentionsDataSourceLambdaVersionXVVVp2LH3ddgXm8AgunR3qai8M75Jp011SLc50OT9Rs"
      },
      "Export": {
        "Name": "sls-rawExcelInsights-dev-MentionsDataSourceLambdaFunctionQualifiedArn"
      }
    },
    "TopDrugByMentionsLambdaFunctionQualifiedArn": {
      "Description": "Current Lambda function version",
      "Value": {
        "Ref": "TopDrugByMentionsLambdaVersionx7GMgyLbdR9SAzWiEDM7dLoKJTeWFGndxn1vbIEbrQ"
      },
      "Export": {
        "Name": "sls-rawExcelInsights-dev-TopDrugByMentionsLambdaFunctionQualifiedArn"
      }
    },
    "ListNewsLambdaFunctionQualifiedArn": {
      "Description": "Current Lambda function version",
      "Value": {
        "Ref": "ListNewsLambdaVersionrAwirZm5bPS3muZnffDx45QmYtyJIExR4eo3NjWrIDE"
      },
      "Export": {
        "Name": "sls-rawExcelInsights-dev-ListNewsLambdaFunctionQualifiedArn"
      }
    },
    "ServiceEndpoint": {
      "Description": "URL of the service endpoint",
      "Value": {
        "Fn::Join": [
          "",
          [
            "https://",
            {
              "Ref": "ApiGatewayRestApi"
            },
            ".execute-api.",
            {
              "Ref": "AWS::Region"
            },
            ".",
            {
              "Ref": "AWS::URLSuffix"
            },
            "/dev"
          ]
        ]
      },
      "Export": {
        "Name": "sls-rawExcelInsights-dev-ServiceEndpoint"
      }
    }
  }
}